operation,duration_ms,payload_size_bytes,timestamp,status,additional_info
create_account,0.3592967987060547,211,2025-02-26T02:50:11.748548,success,test_user_0_1740556211
create_account,0.11205673217773438,211,2025-02-26T02:50:11.748811,success,test_user_1_1740556211
create_account,0.09131431579589844,211,2025-02-26T02:50:11.749000,success,test_user_2_1740556211
create_account,0.1010894775390625,211,2025-02-26T02:50:11.749199,success,test_user_3_1740556211
create_account,0.09918212890625,211,2025-02-26T02:50:11.749442,success,test_user_4_1740556211
login,0.11396408081054688,211,2025-02-26T02:50:11.749569,success,test_user_0_1740556211
login,0.09608268737792969,211,2025-02-26T02:50:11.749671,success,test_user_1_1740556211
login,0.08702278137207031,211,2025-02-26T02:50:11.749763,success,test_user_2_1740556211
login,0.087738037109375,211,2025-02-26T02:50:11.749855,success,test_user_3_1740556211
login,0.08797645568847656,211,2025-02-26T02:50:11.749946,success,test_user_4_1740556211
receive_instant_message,505.3088665008545,204,2025-02-26T02:50:12.255342,success,messageId=0
send_message,0.2808570861816406,296,2025-02-26T02:50:12.255367,success,"size=10, index=0"
send_message,0.2529621124267578,296,2025-02-26T02:50:12.268215,success,"size=10, index=1"
receive_instant_message,518.2907581329346,204,2025-02-26T02:50:12.268324,success,messageId=1
send_message,0.17309188842773438,296,2025-02-26T02:50:12.268421,success,"size=10, index=2"
receive_instant_message,518.4378623962402,204,2025-02-26T02:50:12.268467,success,messageId=2
receive_instant_message,518.5089111328125,204,2025-02-26T02:50:12.268537,success,messageId=3
send_message,0.13113021850585938,296,2025-02-26T02:50:12.268567,success,"size=10, index=3"
receive_instant_message,518.622875213623,204,2025-02-26T02:50:12.268652,success,messageId=4
send_message,0.10585784912109375,296,2025-02-26T02:50:12.268687,success,"size=10, index=4"
receive_instant_message,518.751859664917,204,2025-02-26T02:50:12.268782,success,messageId=5
send_message,0.11897087097167969,296,2025-02-26T02:50:12.268822,success,"size=10, index=5"
receive_instant_message,518.9008712768555,204,2025-02-26T02:50:12.268930,success,messageId=6
send_message,0.11420249938964844,296,2025-02-26T02:50:12.268945,success,"size=10, index=6"
receive_instant_message,519.0048217773438,204,2025-02-26T02:50:12.269035,success,messageId=7
send_message,0.09822845458984375,296,2025-02-26T02:50:12.269053,success,"size=10, index=7"
send_message,0.09703636169433594,296,2025-02-26T02:50:12.269168,success,"size=10, index=8"
receive_instant_message,519.1609859466553,204,2025-02-26T02:50:12.269191,success,messageId=8
receive_instant_message,519.2539691925049,204,2025-02-26T02:50:12.269283,success,messageId=9
send_message,0.1220703125,296,2025-02-26T02:50:12.269302,success,"size=10, index=9"
receive_instant_message,519.3636417388916,205,2025-02-26T02:50:12.269393,success,messageId=10
send_message,0.09489059448242188,296,2025-02-26T02:50:12.269408,success,"size=10, index=10"
receive_instant_message,530.8239459991455,205,2025-02-26T02:50:12.280853,success,messageId=11
send_message,0.17714500427246094,296,2025-02-26T02:50:12.280884,success,"size=10, index=11"
send_message,0.09608268737792969,296,2025-02-26T02:50:12.280991,success,"size=10, index=12"
receive_instant_message,530.9927463531494,205,2025-02-26T02:50:12.281023,success,messageId=12
receive_instant_message,531.0509204864502,205,2025-02-26T02:50:12.281080,success,messageId=13
send_message,0.09298324584960938,296,2025-02-26T02:50:12.281094,success,"size=10, index=13"
send_message,0.07987022399902344,296,2025-02-26T02:50:12.281183,success,"size=10, index=14"
receive_instant_message,531.182050704956,205,2025-02-26T02:50:12.281211,success,messageId=14
send_message,0.08988380432128906,296,2025-02-26T02:50:12.281281,success,"size=10, index=15"
receive_instant_message,531.2719345092773,205,2025-02-26T02:50:12.281301,success,messageId=15
send_message,0.08225440979003906,296,2025-02-26T02:50:12.281372,success,"size=10, index=16"
receive_instant_message,531.3689708709717,205,2025-02-26T02:50:12.281398,success,messageId=16
receive_instant_message,531.4507484436035,205,2025-02-26T02:50:12.281479,success,messageId=17
send_message,0.11396408081054688,296,2025-02-26T02:50:12.281495,success,"size=10, index=17"
send_message,0.08225440979003906,296,2025-02-26T02:50:12.281587,success,"size=10, index=18"
receive_instant_message,531.580924987793,205,2025-02-26T02:50:12.281610,success,messageId=18
receive_instant_message,531.6469669342041,205,2025-02-26T02:50:12.281676,success,messageId=19
send_message,0.09393692016601562,296,2025-02-26T02:50:12.281689,success,"size=10, index=19"
send_message,0.07891654968261719,296,2025-02-26T02:50:12.281777,success,"size=10, index=20"
receive_instant_message,531.7559242248535,205,2025-02-26T02:50:12.281785,success,messageId=20
receive_instant_message,544.4290637969971,205,2025-02-26T02:50:12.294458,success,messageId=21
send_message,0.17213821411132812,296,2025-02-26T02:50:12.294474,success,"size=10, index=21"
send_message,0.10323524475097656,296,2025-02-26T02:50:12.294586,success,"size=10, index=22"
receive_instant_message,544.5806980133057,205,2025-02-26T02:50:12.294611,success,messageId=22
receive_instant_message,544.6567535400391,205,2025-02-26T02:50:12.294686,success,messageId=23
send_message,0.10800361633300781,296,2025-02-26T02:50:12.294705,success,"size=10, index=23"
receive_instant_message,544.7709560394287,205,2025-02-26T02:50:12.294800,success,messageId=24
send_message,0.102996826171875,296,2025-02-26T02:50:12.294819,success,"size=10, index=24"
receive_instant_message,544.8896884918213,205,2025-02-26T02:50:12.294919,success,messageId=25
send_message,0.10085105895996094,296,2025-02-26T02:50:12.294934,success,"size=10, index=25"
send_message,0.10800361633300781,296,2025-02-26T02:50:12.295053,success,"size=10, index=26"
receive_instant_message,545.0470447540283,205,2025-02-26T02:50:12.295076,success,messageId=26
send_message,0.09012222290039062,296,2025-02-26T02:50:12.295151,success,"size=10, index=27"
receive_instant_message,545.1409816741943,205,2025-02-26T02:50:12.295169,success,messageId=27
receive_instant_message,545.2170372009277,205,2025-02-26T02:50:12.295246,success,messageId=28
send_message,0.09703636169433594,296,2025-02-26T02:50:12.295257,success,"size=10, index=28"
receive_instant_message,545.3188419342041,205,2025-02-26T02:50:12.295348,success,messageId=29
send_message,0.10919570922851562,296,2025-02-26T02:50:12.295374,success,"size=10, index=29"
receive_instant_message,545.4347133636475,205,2025-02-26T02:50:12.295464,success,messageId=30
send_message,0.09799003601074219,296,2025-02-26T02:50:12.295480,success,"size=10, index=30"
receive_instant_message,557.3837757110596,205,2025-02-26T02:50:12.307413,success,messageId=31
send_message,0.15115737915039062,296,2025-02-26T02:50:12.307445,success,"size=10, index=31"
receive_instant_message,557.5118064880371,205,2025-02-26T02:50:12.307543,success,messageId=32
send_message,0.10824203491210938,296,2025-02-26T02:50:12.307564,success,"size=10, index=32"
send_message,0.11324882507324219,296,2025-02-26T02:50:12.307688,success,"size=10, index=33"
receive_instant_message,557.6879978179932,205,2025-02-26T02:50:12.307717,success,messageId=33
receive_instant_message,557.7898025512695,205,2025-02-26T02:50:12.307820,success,messageId=34
send_message,0.14781951904296875,296,2025-02-26T02:50:12.307851,success,"size=10, index=34"
receive_instant_message,557.9378604888916,205,2025-02-26T02:50:12.307968,success,messageId=35
send_message,0.1289844512939453,296,2025-02-26T02:50:12.307996,success,"size=10, index=35"
send_message,0.1049041748046875,296,2025-02-26T02:50:12.308114,success,"size=10, index=36"
receive_instant_message,558.1197738647461,205,2025-02-26T02:50:12.308149,success,messageId=36
send_message,0.13017654418945312,296,2025-02-26T02:50:12.308259,success,"size=10, index=37"
receive_instant_message,558.2656860351562,205,2025-02-26T02:50:12.308295,success,messageId=37
receive_instant_message,558.342695236206,205,2025-02-26T02:50:12.308373,success,messageId=38
send_message,0.12922286987304688,296,2025-02-26T02:50:12.308404,success,"size=10, index=38"
receive_instant_message,558.4847927093506,205,2025-02-26T02:50:12.308514,success,messageId=39
send_message,0.13303756713867188,296,2025-02-26T02:50:12.308552,success,"size=10, index=39"
send_message,0.11539459228515625,296,2025-02-26T02:50:12.308682,success,"size=10, index=40"
receive_instant_message,558.6738586425781,205,2025-02-26T02:50:12.308703,success,messageId=40
receive_instant_message,568.8958168029785,205,2025-02-26T02:50:12.318925,success,messageId=41
send_message,0.12183189392089844,296,2025-02-26T02:50:12.318949,success,"size=10, index=41"
receive_instant_message,569.0159797668457,205,2025-02-26T02:50:12.319045,success,messageId=42
send_message,0.10204315185546875,296,2025-02-26T02:50:12.319059,success,"size=10, index=42"
receive_instant_message,569.1168308258057,205,2025-02-26T02:50:12.319145,success,messageId=43
send_message,0.09489059448242188,296,2025-02-26T02:50:12.319163,success,"size=10, index=43"
receive_instant_message,569.2300796508789,205,2025-02-26T02:50:12.319259,success,messageId=44
send_message,0.102996826171875,296,2025-02-26T02:50:12.319275,success,"size=10, index=44"
receive_instant_message,569.3368911743164,205,2025-02-26T02:50:12.319365,success,messageId=45
send_message,0.102996826171875,296,2025-02-26T02:50:12.319386,success,"size=10, index=45"
send_message,0.09608268737792969,296,2025-02-26T02:50:12.319491,success,"size=10, index=46"
receive_instant_message,569.4868564605713,205,2025-02-26T02:50:12.319516,success,messageId=46
send_message,0.1010894775390625,296,2025-02-26T02:50:12.319602,success,"size=10, index=47"
receive_instant_message,569.5910453796387,205,2025-02-26T02:50:12.319620,success,messageId=47
send_message,0.1201629638671875,296,2025-02-26T02:50:12.319730,success,"size=10, index=48"
receive_instant_message,569.7169303894043,205,2025-02-26T02:50:12.319746,success,messageId=48
receive_instant_message,569.80299949646,205,2025-02-26T02:50:12.319832,success,messageId=49
send_message,0.11014938354492188,296,2025-02-26T02:50:12.319848,success,"size=10, index=49"
receive_instant_message,569.9048042297363,205,2025-02-26T02:50:12.319933,success,messageId=50
send_message,0.08702278137207031,296,2025-02-26T02:50:12.319944,success,"size=10, index=50"
send_message,0.16307830810546875,296,2025-02-26T02:50:12.331661,success,"size=10, index=51"
receive_instant_message,581.6538333892822,205,2025-02-26T02:50:12.331683,success,messageId=51
send_message,0.1270771026611328,296,2025-02-26T02:50:12.331797,success,"size=10, index=52"
receive_instant_message,581.7909240722656,205,2025-02-26T02:50:12.331820,success,messageId=52
receive_instant_message,581.8789005279541,205,2025-02-26T02:50:12.331908,success,messageId=53
send_message,0.11396408081054688,296,2025-02-26T02:50:12.331920,success,"size=10, index=53"
send_message,0.080108642578125,296,2025-02-26T02:50:12.332012,success,"size=10, index=54"
receive_instant_message,582.0128917694092,205,2025-02-26T02:50:12.332042,success,messageId=54
send_message,0.08177757263183594,296,2025-02-26T02:50:12.332105,success,"size=10, index=55"
receive_instant_message,582.0958614349365,205,2025-02-26T02:50:12.332125,success,messageId=55
receive_instant_message,582.1638107299805,205,2025-02-26T02:50:12.332193,success,messageId=56
send_message,0.09608268737792969,296,2025-02-26T02:50:12.332210,success,"size=10, index=56"
receive_instant_message,582.2868347167969,205,2025-02-26T02:50:12.332316,success,messageId=57
send_message,0.11181831359863281,296,2025-02-26T02:50:12.332331,success,"size=10, index=57"
send_message,0.07104873657226562,296,2025-02-26T02:50:12.332411,success,"size=10, index=58"
receive_instant_message,582.4098587036133,205,2025-02-26T02:50:12.332439,success,messageId=58
receive_instant_message,582.4549198150635,205,2025-02-26T02:50:12.332484,success,messageId=59
send_message,0.08392333984375,296,2025-02-26T02:50:12.332502,success,"size=10, index=59"
receive_instant_message,582.5538635253906,205,2025-02-26T02:50:12.332583,success,messageId=60
send_message,0.10633468627929688,296,2025-02-26T02:50:12.332619,success,"size=10, index=60"
receive_instant_message,595.1747894287109,205,2025-02-26T02:50:12.345205,success,messageId=61
send_message,0.15497207641601562,296,2025-02-26T02:50:12.345233,success,"size=10, index=61"
send_message,0.10204315185546875,296,2025-02-26T02:50:12.345347,success,"size=10, index=62"
receive_instant_message,595.3388214111328,205,2025-02-26T02:50:12.345368,success,messageId=62
receive_instant_message,595.3967571258545,205,2025-02-26T02:50:12.345426,success,messageId=63
send_message,0.09226799011230469,296,2025-02-26T02:50:12.345447,success,"size=10, index=63"
receive_instant_message,595.5038070678711,205,2025-02-26T02:50:12.345533,success,messageId=64
send_message,0.08893013000488281,296,2025-02-26T02:50:12.345544,success,"size=10, index=64"
receive_instant_message,595.5908298492432,205,2025-02-26T02:50:12.345620,success,messageId=65
send_message,0.08988380432128906,296,2025-02-26T02:50:12.345642,success,"size=10, index=65"
send_message,0.07200241088867188,296,2025-02-26T02:50:12.345723,success,"size=10, index=66"
receive_instant_message,595.7088470458984,205,2025-02-26T02:50:12.345738,success,messageId=66
send_message,0.08821487426757812,296,2025-02-26T02:50:12.345818,success,"size=10, index=67"
receive_instant_message,595.815896987915,205,2025-02-26T02:50:12.345844,success,messageId=67
receive_instant_message,595.8640575408936,205,2025-02-26T02:50:12.345893,success,messageId=68
send_message,0.08296966552734375,296,2025-02-26T02:50:12.345910,success,"size=10, index=68"
send_message,0.07319450378417969,296,2025-02-26T02:50:12.345991,success,"size=10, index=69"
receive_instant_message,595.9837436676025,205,2025-02-26T02:50:12.346013,success,messageId=69
send_message,0.07987022399902344,296,2025-02-26T02:50:12.346079,success,"size=10, index=70"
receive_instant_message,596.0679054260254,205,2025-02-26T02:50:12.346096,success,messageId=70
send_message,0.13589859008789062,296,2025-02-26T02:50:12.358736,success,"size=10, index=71"
receive_instant_message,608.7348461151123,205,2025-02-26T02:50:12.358765,success,messageId=71
receive_instant_message,608.7920665740967,205,2025-02-26T02:50:12.358820,success,messageId=72
send_message,0.09489059448242188,296,2025-02-26T02:50:12.358840,success,"size=10, index=72"
receive_instant_message,608.8898181915283,205,2025-02-26T02:50:12.358920,success,messageId=73
send_message,0.09799003601074219,296,2025-02-26T02:50:12.358946,success,"size=10, index=73"
receive_instant_message,608.9940071105957,205,2025-02-26T02:50:12.359023,success,messageId=74
send_message,0.08606910705566406,296,2025-02-26T02:50:12.359040,success,"size=10, index=74"
receive_instant_message,609.0888977050781,205,2025-02-26T02:50:12.359118,success,messageId=75
send_message,0.08797645568847656,296,2025-02-26T02:50:12.359137,success,"size=10, index=75"
send_message,0.08797645568847656,296,2025-02-26T02:50:12.359234,success,"size=10, index=76"
receive_instant_message,609.2379093170166,205,2025-02-26T02:50:12.359269,success,messageId=76
receive_instant_message,609.306812286377,205,2025-02-26T02:50:12.359336,success,messageId=77
send_message,0.11420249938964844,296,2025-02-26T02:50:12.359360,success,"size=10, index=77"
receive_instant_message,609.4198226928711,205,2025-02-26T02:50:12.359449,success,messageId=78
send_message,0.1010894775390625,296,2025-02-26T02:50:12.359472,success,"size=10, index=78"
receive_instant_message,609.5209121704102,205,2025-02-26T02:50:12.359550,success,messageId=79
send_message,0.08893013000488281,296,2025-02-26T02:50:12.359568,success,"size=10, index=79"
send_message,0.10013580322265625,296,2025-02-26T02:50:12.359677,success,"size=10, index=80"
receive_instant_message,609.6577644348145,205,2025-02-26T02:50:12.359686,success,messageId=80
receive_instant_message,620.4206943511963,205,2025-02-26T02:50:12.370451,success,messageId=81
send_message,0.18095970153808594,296,2025-02-26T02:50:12.370467,success,"size=10, index=81"
send_message,0.10609626770019531,296,2025-02-26T02:50:12.370583,success,"size=10, index=82"
receive_instant_message,620.5828189849854,205,2025-02-26T02:50:12.370612,success,messageId=82
receive_instant_message,620.6619739532471,205,2025-02-26T02:50:12.370691,success,messageId=83
send_message,0.11491775512695312,296,2025-02-26T02:50:12.370706,success,"size=10, index=83"
receive_instant_message,620.7590103149414,205,2025-02-26T02:50:12.370789,success,messageId=84
send_message,0.09083747863769531,296,2025-02-26T02:50:12.370805,success,"size=10, index=84"
receive_instant_message,620.8779811859131,205,2025-02-26T02:50:12.370906,success,messageId=85
send_message,0.102996826171875,296,2025-02-26T02:50:12.370917,success,"size=10, index=85"
send_message,0.09107589721679688,296,2025-02-26T02:50:12.371019,success,"size=10, index=86"
receive_instant_message,621.0207939147949,205,2025-02-26T02:50:12.371050,success,messageId=86
send_message,0.07700920104980469,296,2025-02-26T02:50:12.371105,success,"size=10, index=87"
receive_instant_message,621.0978031158447,205,2025-02-26T02:50:12.371127,success,messageId=87
receive_instant_message,621.1578845977783,205,2025-02-26T02:50:12.371187,success,messageId=88
send_message,0.09012222290039062,296,2025-02-26T02:50:12.371203,success,"size=10, index=88"
receive_instant_message,621.2620735168457,205,2025-02-26T02:50:12.371291,success,messageId=89
send_message,0.09012222290039062,296,2025-02-26T02:50:12.371300,success,"size=10, index=89"
send_message,0.07104873657226562,296,2025-02-26T02:50:12.371379,success,"size=10, index=90"
receive_instant_message,621.3748455047607,205,2025-02-26T02:50:12.371403,success,messageId=90
receive_instant_message,632.7779293060303,205,2025-02-26T02:50:12.382807,success,messageId=91
send_message,0.12278556823730469,296,2025-02-26T02:50:12.382827,success,"size=10, index=91"
receive_instant_message,632.8849792480469,205,2025-02-26T02:50:12.382914,success,messageId=92
send_message,0.10085105895996094,296,2025-02-26T02:50:12.382937,success,"size=10, index=92"
receive_instant_message,632.9977512359619,205,2025-02-26T02:50:12.383027,success,messageId=93
send_message,0.1010894775390625,296,2025-02-26T02:50:12.383046,success,"size=10, index=93"
receive_instant_message,633.1026554107666,205,2025-02-26T02:50:12.383132,success,messageId=94
send_message,0.09012222290039062,296,2025-02-26T02:50:12.383143,success,"size=10, index=94"
receive_instant_message,633.1949234008789,205,2025-02-26T02:50:12.383223,success,messageId=95
send_message,0.09703636169433594,296,2025-02-26T02:50:12.383248,success,"size=10, index=95"
receive_instant_message,633.2957744598389,205,2025-02-26T02:50:12.383325,success,messageId=96
send_message,0.07987022399902344,296,2025-02-26T02:50:12.383336,success,"size=10, index=96"
send_message,0.09489059448242188,296,2025-02-26T02:50:12.383440,success,"size=10, index=97"
receive_instant_message,633.4419250488281,205,2025-02-26T02:50:12.383471,success,messageId=97
receive_instant_message,633.5468292236328,205,2025-02-26T02:50:12.383576,success,messageId=98
send_message,0.15211105346679688,296,2025-02-26T02:50:12.383601,success,"size=10, index=98"
send_message,0.10013580322265625,296,2025-02-26T02:50:12.383709,success,"size=10, index=99"
receive_instant_message,633.7137222290039,205,2025-02-26T02:50:12.383743,success,messageId=99
receive_instant_message,503.2610893249512,296,2025-02-26T02:50:12.887135,success,messageId=100
send_message,0.2892017364501953,386,2025-02-26T02:50:12.887167,success,"size=100, index=0"
receive_instant_message,515.988826751709,296,2025-02-26T02:50:12.899859,success,messageId=101
send_message,0.16617774963378906,386,2025-02-26T02:50:12.899879,success,"size=100, index=1"
send_message,0.1399517059326172,386,2025-02-26T02:50:12.900049,success,"size=100, index=2"
receive_instant_message,516.2239074707031,296,2025-02-26T02:50:12.900092,success,messageId=102
receive_instant_message,516.2930488586426,296,2025-02-26T02:50:12.900161,success,messageId=103
send_message,0.102996826171875,386,2025-02-26T02:50:12.900180,success,"size=100, index=3"
receive_instant_message,516.4179801940918,296,2025-02-26T02:50:12.900287,success,messageId=104
send_message,0.10609626770019531,386,2025-02-26T02:50:12.900316,success,"size=100, index=4"
receive_instant_message,516.5538787841797,296,2025-02-26T02:50:12.900423,success,messageId=105
send_message,0.09274482727050781,386,2025-02-26T02:50:12.900440,success,"size=100, index=5"
receive_instant_message,516.6881084442139,296,2025-02-26T02:50:12.900557,success,messageId=106
send_message,0.10895729064941406,386,2025-02-26T02:50:12.900577,success,"size=100, index=6"
receive_instant_message,516.8230533599854,296,2025-02-26T02:50:12.900694,success,messageId=107
send_message,0.12683868408203125,386,2025-02-26T02:50:12.900731,success,"size=100, index=7"
receive_instant_message,516.9780254364014,296,2025-02-26T02:50:12.900847,success,messageId=108
send_message,0.11110305786132812,386,2025-02-26T02:50:12.900873,success,"size=100, index=8"
send_message,0.09298324584960938,386,2025-02-26T02:50:12.900997,success,"size=100, index=9"
receive_instant_message,517.1701908111572,296,2025-02-26T02:50:12.901039,success,messageId=109
receive_instant_message,517.2379016876221,296,2025-02-26T02:50:12.901108,success,messageId=110
send_message,0.09799003601074219,386,2025-02-26T02:50:12.901122,success,"size=100, index=10"
send_message,0.12969970703125,386,2025-02-26T02:50:12.912767,success,"size=100, index=11"
receive_instant_message,528.947114944458,296,2025-02-26T02:50:12.912816,success,messageId=111
send_message,0.08606910705566406,386,2025-02-26T02:50:12.912882,success,"size=100, index=12"
receive_instant_message,529.0641784667969,296,2025-02-26T02:50:12.912934,success,messageId=112
receive_instant_message,529.1249752044678,296,2025-02-26T02:50:12.912994,success,messageId=113
send_message,0.08988380432128906,386,2025-02-26T02:50:12.913008,success,"size=100, index=13"
send_message,0.07891654968261719,386,2025-02-26T02:50:12.913119,success,"size=100, index=14"
receive_instant_message,529.2918682098389,296,2025-02-26T02:50:12.913162,success,messageId=114
send_message,0.08797645568847656,386,2025-02-26T02:50:12.913234,success,"size=100, index=15"
receive_instant_message,529.4129848480225,296,2025-02-26T02:50:12.913281,success,messageId=115
receive_instant_message,529.4640064239502,296,2025-02-26T02:50:12.913333,success,messageId=116
send_message,0.09489059448242188,386,2025-02-26T02:50:12.913356,success,"size=100, index=16"
receive_instant_message,529.5898914337158,296,2025-02-26T02:50:12.913458,success,messageId=117
send_message,0.08893013000488281,386,2025-02-26T02:50:12.913474,success,"size=100, index=17"
send_message,0.08106231689453125,386,2025-02-26T02:50:12.913586,success,"size=100, index=18"
receive_instant_message,529.7729969024658,296,2025-02-26T02:50:12.913644,success,messageId=118
send_message,0.14209747314453125,386,2025-02-26T02:50:12.913755,success,"size=100, index=19"
receive_instant_message,529.9351215362549,296,2025-02-26T02:50:12.913805,success,messageId=119
receive_instant_message,530.0037860870361,296,2025-02-26T02:50:12.913873,success,messageId=120
send_message,0.10704994201660156,386,2025-02-26T02:50:12.913901,success,"size=100, index=20"
receive_instant_message,542.7172183990479,296,2025-02-26T02:50:12.926587,success,messageId=121
send_message,0.1552104949951172,386,2025-02-26T02:50:12.926601,success,"size=100, index=21"
receive_instant_message,542.8519248962402,296,2025-02-26T02:50:12.926721,success,messageId=122
send_message,0.10204315185546875,386,2025-02-26T02:50:12.926737,success,"size=100, index=22"
receive_instant_message,542.9790019989014,296,2025-02-26T02:50:12.926848,success,messageId=123
send_message,0.09703636169433594,386,2025-02-26T02:50:12.926864,success,"size=100, index=23"
receive_instant_message,543.1139469146729,296,2025-02-26T02:50:12.926983,success,messageId=124
send_message,0.09894371032714844,386,2025-02-26T02:50:12.926997,success,"size=100, index=24"
receive_instant_message,543.2291030883789,296,2025-02-26T02:50:12.927098,success,messageId=125
send_message,0.09298324584960938,386,2025-02-26T02:50:12.927120,success,"size=100, index=25"
send_message,0.07605552673339844,386,2025-02-26T02:50:12.927227,success,"size=100, index=26"
receive_instant_message,543.4000492095947,296,2025-02-26T02:50:12.927269,success,messageId=126
receive_instant_message,543.4579849243164,296,2025-02-26T02:50:12.927327,success,messageId=127
send_message,0.10013580322265625,386,2025-02-26T02:50:12.927355,success,"size=100, index=27"
receive_instant_message,543.5948371887207,296,2025-02-26T02:50:12.927464,success,messageId=128
send_message,0.09417533874511719,386,2025-02-26T02:50:12.927474,success,"size=100, index=28"
receive_instant_message,543.7109470367432,296,2025-02-26T02:50:12.927580,success,messageId=129
send_message,0.09489059448242188,386,2025-02-26T02:50:12.927595,success,"size=100, index=29"
send_message,0.08487701416015625,386,2025-02-26T02:50:12.927708,success,"size=100, index=30"
receive_instant_message,543.8461303710938,296,2025-02-26T02:50:12.927715,success,messageId=130
receive_instant_message,556.5128326416016,296,2025-02-26T02:50:12.940383,success,messageId=131
send_message,0.1571178436279297,386,2025-02-26T02:50:12.940406,success,"size=100, index=31"
receive_instant_message,556.7278861999512,296,2025-02-26T02:50:12.940598,success,messageId=132
send_message,0.1678466796875,386,2025-02-26T02:50:12.940612,success,"size=100, index=32"
send_message,0.09894371032714844,386,2025-02-26T02:50:12.940747,success,"size=100, index=33"
receive_instant_message,556.9262504577637,296,2025-02-26T02:50:12.940796,success,messageId=133
send_message,0.1270771026611328,386,2025-02-26T02:50:12.940903,success,"size=100, index=34"
receive_instant_message,557.0769309997559,296,2025-02-26T02:50:12.940946,success,messageId=134
receive_instant_message,557.1529865264893,296,2025-02-26T02:50:12.941022,success,messageId=135
send_message,0.11014938354492188,386,2025-02-26T02:50:12.941041,success,"size=100, index=35"
receive_instant_message,557.2869777679443,296,2025-02-26T02:50:12.941156,success,messageId=136
send_message,0.10013580322265625,386,2025-02-26T02:50:12.941168,success,"size=100, index=36"
send_message,0.07605552673339844,386,2025-02-26T02:50:12.941271,success,"size=100, index=37"
receive_instant_message,557.4450492858887,296,2025-02-26T02:50:12.941314,success,messageId=137
receive_instant_message,557.5079917907715,296,2025-02-26T02:50:12.941377,success,messageId=138
send_message,0.11396408081054688,386,2025-02-26T02:50:12.941414,success,"size=100, index=38"
receive_instant_message,557.6639175415039,296,2025-02-26T02:50:12.941534,success,messageId=139
send_message,0.10228157043457031,386,2025-02-26T02:50:12.941563,success,"size=100, index=39"
receive_instant_message,557.8160285949707,296,2025-02-26T02:50:12.941686,success,messageId=140
send_message,0.1049041748046875,386,2025-02-26T02:50:12.941715,success,"size=100, index=40"
send_message,0.16689300537109375,386,2025-02-26T02:50:12.952174,success,"size=100, index=41"
receive_instant_message,568.3450698852539,296,2025-02-26T02:50:12.952214,success,messageId=141
send_message,0.080108642578125,386,2025-02-26T02:50:12.952281,success,"size=100, index=42"
receive_instant_message,568.4640407562256,296,2025-02-26T02:50:12.952332,success,messageId=142
send_message,0.12326240539550781,386,2025-02-26T02:50:12.952432,success,"size=100, index=43"
receive_instant_message,568.6299800872803,296,2025-02-26T02:50:12.952500,success,messageId=143
receive_instant_message,568.7530040740967,296,2025-02-26T02:50:12.952622,success,messageId=144
send_message,0.20623207092285156,386,2025-02-26T02:50:12.952678,success,"size=100, index=44"
receive_instant_message,569.0228939056396,296,2025-02-26T02:50:12.952892,success,messageId=145
send_message,0.1800060272216797,386,2025-02-26T02:50:12.952901,success,"size=100, index=45"
receive_instant_message,569.1711902618408,296,2025-02-26T02:50:12.953040,success,messageId=146
send_message,0.1289844512939453,386,2025-02-26T02:50:12.953057,success,"size=100, index=46"
send_message,0.08487701416015625,386,2025-02-26T02:50:12.953169,success,"size=100, index=47"
receive_instant_message,569.3449974060059,296,2025-02-26T02:50:12.953214,success,messageId=147
send_message,0.09703636169433594,386,2025-02-26T02:50:12.953295,success,"size=100, index=48"
receive_instant_message,569.4749355316162,296,2025-02-26T02:50:12.953344,success,messageId=148
receive_instant_message,569.5679187774658,296,2025-02-26T02:50:12.953437,success,messageId=149
send_message,0.12803077697753906,386,2025-02-26T02:50:12.953450,success,"size=100, index=49"
send_message,0.102996826171875,386,2025-02-26T02:50:12.953583,success,"size=100, index=50"
receive_instant_message,569.7319507598877,296,2025-02-26T02:50:12.953601,success,messageId=150
receive_instant_message,581.9470882415771,296,2025-02-26T02:50:12.965817,success,messageId=151
send_message,0.17786026000976562,386,2025-02-26T02:50:12.965835,success,"size=100, index=51"
receive_instant_message,582.099199295044,296,2025-02-26T02:50:12.965968,success,messageId=152
send_message,0.11682510375976562,386,2025-02-26T02:50:12.965980,success,"size=100, index=52"
receive_instant_message,582.2279453277588,296,2025-02-26T02:50:12.966097,success,messageId=153
send_message,0.11110305786132812,386,2025-02-26T02:50:12.966118,success,"size=100, index=53"
receive_instant_message,582.3631286621094,296,2025-02-26T02:50:12.966232,success,messageId=154
send_message,0.10895729064941406,386,2025-02-26T02:50:12.966256,success,"size=100, index=54"
receive_instant_message,582.503080368042,296,2025-02-26T02:50:12.966372,success,messageId=155
send_message,0.10800361633300781,386,2025-02-26T02:50:12.966392,success,"size=100, index=55"
send_message,0.09703636169433594,386,2025-02-26T02:50:12.966517,success,"size=100, index=56"
receive_instant_message,582.6840400695801,296,2025-02-26T02:50:12.966553,success,messageId=156
send_message,0.07700920104980469,386,2025-02-26T02:50:12.966619,success,"size=100, index=57"
receive_instant_message,582.7901363372803,296,2025-02-26T02:50:12.966659,success,messageId=157
send_message,0.07510185241699219,386,2025-02-26T02:50:12.966722,success,"size=100, index=58"
receive_instant_message,582.9169750213623,296,2025-02-26T02:50:12.966786,success,messageId=158
send_message,0.09298324584960938,386,2025-02-26T02:50:12.966842,success,"size=100, index=59"
receive_instant_message,583.0240249633789,296,2025-02-26T02:50:12.966893,success,messageId=159
receive_instant_message,583.0750465393066,296,2025-02-26T02:50:12.966944,success,messageId=160
send_message,0.09107589721679688,386,2025-02-26T02:50:12.966961,success,"size=100, index=60"
receive_instant_message,594.6688652038574,296,2025-02-26T02:50:12.978539,success,messageId=161
send_message,0.1468658447265625,386,2025-02-26T02:50:12.978564,success,"size=100, index=61"
receive_instant_message,594.8259830474854,296,2025-02-26T02:50:12.978695,success,messageId=162
send_message,0.12183189392089844,386,2025-02-26T02:50:12.978725,success,"size=100, index=62"
receive_instant_message,594.9831008911133,296,2025-02-26T02:50:12.978852,success,messageId=163
send_message,0.11396408081054688,386,2025-02-26T02:50:12.978884,success,"size=100, index=63"
receive_instant_message,595.1299667358398,296,2025-02-26T02:50:12.978999,success,messageId=164
send_message,0.09083747863769531,386,2025-02-26T02:50:12.979018,success,"size=100, index=64"
send_message,0.0782012939453125,386,2025-02-26T02:50:12.979128,success,"size=100, index=65"
receive_instant_message,595.3052043914795,296,2025-02-26T02:50:12.979173,success,messageId=165
receive_instant_message,595.35813331604,296,2025-02-26T02:50:12.979227,success,messageId=166
send_message,0.08893013000488281,386,2025-02-26T02:50:12.979244,success,"size=100, index=66"
receive_instant_message,595.4751968383789,296,2025-02-26T02:50:12.979344,success,messageId=167
send_message,0.08320808410644531,386,2025-02-26T02:50:12.979356,success,"size=100, index=67"
receive_instant_message,595.5860614776611,296,2025-02-26T02:50:12.979455,success,messageId=168
send_message,0.08702278137207031,386,2025-02-26T02:50:12.979473,success,"size=100, index=68"
receive_instant_message,595.6971645355225,296,2025-02-26T02:50:12.979566,success,messageId=169
send_message,0.08392333984375,386,2025-02-26T02:50:12.979583,success,"size=100, index=69"
send_message,0.09179115295410156,386,2025-02-26T02:50:12.979703,success,"size=100, index=70"
receive_instant_message,595.8461761474609,296,2025-02-26T02:50:12.979714,success,messageId=170
receive_instant_message,608.518123626709,296,2025-02-26T02:50:12.992387,success,messageId=171
send_message,0.15091896057128906,386,2025-02-26T02:50:12.992402,success,"size=100, index=71"
send_message,0.09989738464355469,386,2025-02-26T02:50:12.992533,success,"size=100, index=72"
receive_instant_message,608.7121963500977,296,2025-02-26T02:50:12.992582,success,messageId=172
receive_instant_message,608.7830066680908,296,2025-02-26T02:50:12.992652,success,messageId=173
send_message,0.1049041748046875,386,2025-02-26T02:50:12.992668,success,"size=100, index=73"
receive_instant_message,608.922004699707,296,2025-02-26T02:50:12.992790,success,messageId=174
send_message,0.11110305786132812,386,2025-02-26T02:50:12.992806,success,"size=100, index=74"
receive_instant_message,609.0459823608398,296,2025-02-26T02:50:12.992915,success,messageId=175
send_message,0.09393692016601562,386,2025-02-26T02:50:12.992926,success,"size=100, index=75"
receive_instant_message,609.1670989990234,296,2025-02-26T02:50:12.993036,success,messageId=176
send_message,0.09918212890625,386,2025-02-26T02:50:12.993053,success,"size=100, index=76"
receive_instant_message,609.2979907989502,296,2025-02-26T02:50:12.993167,success,messageId=177
send_message,0.09489059448242188,386,2025-02-26T02:50:12.993178,success,"size=100, index=77"
receive_instant_message,609.4229221343994,296,2025-02-26T02:50:12.993292,success,messageId=178
send_message,0.09202957153320312,386,2025-02-26T02:50:12.993302,success,"size=100, index=78"
receive_instant_message,609.5499992370605,296,2025-02-26T02:50:12.993418,success,messageId=179
send_message,0.09989738464355469,386,2025-02-26T02:50:12.993428,success,"size=100, index=79"
receive_instant_message,609.6720695495605,296,2025-02-26T02:50:12.993541,success,messageId=180
send_message,0.10395050048828125,386,2025-02-26T02:50:12.993559,success,"size=100, index=80"
send_message,0.13184547424316406,386,2025-02-26T02:50:13.006241,success,"size=100, index=81"
receive_instant_message,622.4350929260254,296,2025-02-26T02:50:13.006305,success,messageId=181
receive_instant_message,622.5419044494629,296,2025-02-26T02:50:13.006412,success,messageId=182
send_message,0.14209747314453125,386,2025-02-26T02:50:13.006425,success,"size=100, index=82"
receive_instant_message,622.6851940155029,296,2025-02-26T02:50:13.006554,success,messageId=183
send_message,0.10824203491210938,386,2025-02-26T02:50:13.006566,success,"size=100, index=83"
receive_instant_message,622.8220462799072,296,2025-02-26T02:50:13.006691,success,messageId=184
send_message,0.11014938354492188,386,2025-02-26T02:50:13.006703,success,"size=100, index=84"
send_message,0.07486343383789062,386,2025-02-26T02:50:13.006808,success,"size=100, index=85"
receive_instant_message,622.9841709136963,296,2025-02-26T02:50:13.006854,success,messageId=185
send_message,0.10585784912109375,386,2025-02-26T02:50:13.006940,success,"size=100, index=86"
receive_instant_message,623.1122016906738,296,2025-02-26T02:50:13.006982,success,messageId=186
send_message,0.10395050048828125,386,2025-02-26T02:50:13.007070,success,"size=100, index=87"
receive_instant_message,623.244047164917,296,2025-02-26T02:50:13.007113,success,messageId=187
receive_instant_message,623.3057975769043,296,2025-02-26T02:50:13.007174,success,messageId=188
send_message,0.09512901306152344,386,2025-02-26T02:50:13.007191,success,"size=100, index=88"
receive_instant_message,623.4221458435059,296,2025-02-26T02:50:13.007291,success,messageId=189
send_message,0.08821487426757812,386,2025-02-26T02:50:13.007310,success,"size=100, index=89"
receive_instant_message,623.5461235046387,296,2025-02-26T02:50:13.007415,success,messageId=190
send_message,0.08916854858398438,386,2025-02-26T02:50:13.007430,success,"size=100, index=90"
receive_instant_message,636.2409591674805,296,2025-02-26T02:50:13.020110,success,messageId=191
send_message,0.1499652862548828,386,2025-02-26T02:50:13.020123,success,"size=100, index=91"
send_message,0.10895729064941406,386,2025-02-26T02:50:13.020261,success,"size=100, index=92"
receive_instant_message,636.4579200744629,296,2025-02-26T02:50:13.020329,success,messageId=192
receive_instant_message,636.5339756011963,296,2025-02-26T02:50:13.020403,success,messageId=193
send_message,0.12183189392089844,386,2025-02-26T02:50:13.020429,success,"size=100, index=93"
send_message,0.08559226989746094,386,2025-02-26T02:50:13.020564,success,"size=100, index=94"
receive_instant_message,636.7430686950684,296,2025-02-26T02:50:13.020612,success,messageId=194
send_message,0.10085105895996094,386,2025-02-26T02:50:13.020692,success,"size=100, index=95"
receive_instant_message,636.8680000305176,296,2025-02-26T02:50:13.020737,success,messageId=195
receive_instant_message,636.9290351867676,296,2025-02-26T02:50:13.020798,success,messageId=196
send_message,0.09489059448242188,386,2025-02-26T02:50:13.020815,success,"size=100, index=96"
send_message,0.0820159912109375,386,2025-02-26T02:50:13.020924,success,"size=100, index=97"
receive_instant_message,637.0999813079834,296,2025-02-26T02:50:13.020969,success,messageId=197
send_message,0.09202957153320312,386,2025-02-26T02:50:13.021046,success,"size=100, index=98"
receive_instant_message,637.2189521789551,296,2025-02-26T02:50:13.021088,success,messageId=198
send_message,0.1709461212158203,386,2025-02-26T02:50:13.021244,success,"size=100, index=99"
receive_instant_message,637.3999118804932,296,2025-02-26T02:50:13.021269,success,messageId=199
receive_instant_message,501.7549991607666,1196,2025-02-26T02:50:13.523195,success,messageId=200
send_message,0.22101402282714844,1286,2025-02-26T02:50:13.523217,success,"size=1000, index=0"
receive_instant_message,514.7109031677246,1196,2025-02-26T02:50:13.536149,success,messageId=201
send_message,0.20623207092285156,1286,2025-02-26T02:50:13.536170,success,"size=1000, index=1"
send_message,0.11587142944335938,1286,2025-02-26T02:50:13.536494,success,"size=1000, index=2"
receive_instant_message,515.2921676635742,1196,2025-02-26T02:50:13.536729,success,messageId=202
send_message,0.1380443572998047,1286,2025-02-26T02:50:13.536846,success,"size=1000, index=3"
receive_instant_message,515.6500339508057,1196,2025-02-26T02:50:13.537087,success,messageId=203
send_message,0.09894371032714844,1286,2025-02-26T02:50:13.537160,success,"size=1000, index=4"
receive_instant_message,515.9540176391602,1196,2025-02-26T02:50:13.537391,success,messageId=204
receive_instant_message,516.0269737243652,1196,2025-02-26T02:50:13.537464,success,messageId=205
send_message,0.10919570922851562,1286,2025-02-26T02:50:13.537479,success,"size=1000, index=5"
receive_instant_message,516.340970993042,1196,2025-02-26T02:50:13.537779,success,messageId=206
send_message,0.10895729064941406,1286,2025-02-26T02:50:13.537797,success,"size=1000, index=6"
send_message,0.08296966552734375,1286,2025-02-26T02:50:13.538090,success,"size=1000, index=7"
receive_instant_message,516.887903213501,1196,2025-02-26T02:50:13.538325,success,messageId=207
receive_instant_message,516.9582366943359,1196,2025-02-26T02:50:13.538394,success,messageId=208
send_message,0.11181831359863281,1286,2025-02-26T02:50:13.538410,success,"size=1000, index=8"
receive_instant_message,517.287015914917,1196,2025-02-26T02:50:13.538724,success,messageId=209
send_message,0.1201629638671875,1286,2025-02-26T02:50:13.538737,success,"size=1000, index=9"
receive_instant_message,517.6060199737549,1196,2025-02-26T02:50:13.539043,success,messageId=210
send_message,0.11372566223144531,1286,2025-02-26T02:50:13.539059,success,"size=1000, index=10"
receive_instant_message,530.4949283599854,1196,2025-02-26T02:50:13.551932,success,messageId=211
send_message,0.1621246337890625,1286,2025-02-26T02:50:13.551948,success,"size=1000, index=11"
receive_instant_message,530.8229923248291,1196,2025-02-26T02:50:13.552260,success,messageId=212
send_message,0.12302398681640625,1286,2025-02-26T02:50:13.552285,success,"size=1000, index=12"
receive_instant_message,531.1558246612549,1196,2025-02-26T02:50:13.552594,success,messageId=213
send_message,0.1239776611328125,1286,2025-02-26T02:50:13.552625,success,"size=1000, index=13"
receive_instant_message,531.5060615539551,1196,2025-02-26T02:50:13.552944,success,messageId=214
send_message,0.10180473327636719,1286,2025-02-26T02:50:13.552959,success,"size=1000, index=14"
receive_instant_message,531.8179130554199,1196,2025-02-26T02:50:13.553255,success,messageId=215
send_message,0.09584426879882812,1286,2025-02-26T02:50:13.553267,success,"size=1000, index=15"
receive_instant_message,532.1261882781982,1196,2025-02-26T02:50:13.553563,success,messageId=216
send_message,0.11324882507324219,1286,2025-02-26T02:50:13.553587,success,"size=1000, index=16"
receive_instant_message,532.4771404266357,1196,2025-02-26T02:50:13.553915,success,messageId=217
send_message,0.12612342834472656,1286,2025-02-26T02:50:13.553942,success,"size=1000, index=17"
receive_instant_message,532.8302383422852,1196,2025-02-26T02:50:13.554267,success,messageId=218
send_message,0.10800361633300781,1286,2025-02-26T02:50:13.554279,success,"size=1000, index=18"
send_message,0.10395050048828125,1286,2025-02-26T02:50:13.554591,success,"size=1000, index=19"
receive_instant_message,533.3821773529053,1196,2025-02-26T02:50:13.554819,success,messageId=219
receive_instant_message,533.4608554840088,1196,2025-02-26T02:50:13.554898,success,messageId=220
send_message,0.11372566223144531,1286,2025-02-26T02:50:13.554912,success,"size=1000, index=20"
receive_instant_message,546.3509559631348,1196,2025-02-26T02:50:13.567788,success,messageId=221
send_message,0.17881393432617188,1286,2025-02-26T02:50:13.567817,success,"size=1000, index=21"
receive_instant_message,546.6899871826172,1196,2025-02-26T02:50:13.568127,success,messageId=222
send_message,0.11324882507324219,1286,2025-02-26T02:50:13.568143,success,"size=1000, index=22"
receive_instant_message,547.0318794250488,1196,2025-02-26T02:50:13.568469,success,messageId=223
send_message,0.12803077697753906,1286,2025-02-26T02:50:13.568485,success,"size=1000, index=23"
receive_instant_message,547.3461151123047,1196,2025-02-26T02:50:13.568783,success,messageId=224
send_message,0.10085105895996094,1286,2025-02-26T02:50:13.568799,success,"size=1000, index=24"
receive_instant_message,547.6629734039307,1196,2025-02-26T02:50:13.569100,success,messageId=225
send_message,0.10585784912109375,1286,2025-02-26T02:50:13.569113,success,"size=1000, index=25"
send_message,0.08392333984375,1286,2025-02-26T02:50:13.569417,success,"size=1000, index=26"
receive_instant_message,548.227071762085,1196,2025-02-26T02:50:13.569664,success,messageId=226
send_message,0.10800361633300781,1286,2025-02-26T02:50:13.569743,success,"size=1000, index=27"
receive_instant_message,548.5379695892334,1196,2025-02-26T02:50:13.569975,success,messageId=227
receive_instant_message,548.6068725585938,1196,2025-02-26T02:50:13.570044,success,messageId=228
send_message,0.11301040649414062,1286,2025-02-26T02:50:13.570063,success,"size=1000, index=28"
receive_instant_message,548.9590167999268,1196,2025-02-26T02:50:13.570396,success,messageId=229
send_message,0.1220703125,1286,2025-02-26T02:50:13.570415,success,"size=1000, index=29"
receive_instant_message,549.2770671844482,1196,2025-02-26T02:50:13.570714,success,messageId=230
send_message,0.10275840759277344,1286,2025-02-26T02:50:13.570730,success,"size=1000, index=30"
send_message,0.11968612670898438,1286,2025-02-26T02:50:13.583572,success,"size=1000, index=31"
receive_instant_message,562.3641014099121,1196,2025-02-26T02:50:13.583802,success,messageId=231
receive_instant_message,562.4511241912842,1196,2025-02-26T02:50:13.583888,success,messageId=232
send_message,0.12493133544921875,1286,2025-02-26T02:50:13.583904,success,"size=1000, index=32"
send_message,0.10085105895996094,1286,2025-02-26T02:50:13.584214,success,"size=1000, index=33"
receive_instant_message,563.0099773406982,1196,2025-02-26T02:50:13.584446,success,messageId=233
send_message,0.10895729064941406,1286,2025-02-26T02:50:13.584537,success,"size=1000, index=34"
receive_instant_message,563.3378028869629,1196,2025-02-26T02:50:13.584775,success,messageId=234
send_message,0.10704994201660156,1286,2025-02-26T02:50:13.584857,success,"size=1000, index=35"
receive_instant_message,563.6570453643799,1196,2025-02-26T02:50:13.585095,success,messageId=235
receive_instant_message,563.7621879577637,1196,2025-02-26T02:50:13.585199,success,messageId=236
send_message,0.1392364501953125,1286,2025-02-26T02:50:13.585212,success,"size=1000, index=36"
send_message,0.09918212890625,1286,2025-02-26T02:50:13.585521,success,"size=1000, index=37"
receive_instant_message,564.3181800842285,1196,2025-02-26T02:50:13.585755,success,messageId=237
receive_instant_message,564.3789768218994,1196,2025-02-26T02:50:13.585816,success,messageId=238
send_message,0.11014938354492188,1286,2025-02-26T02:50:13.585838,success,"size=1000, index=38"
receive_instant_message,564.7249221801758,1196,2025-02-26T02:50:13.586163,success,messageId=239
send_message,0.14495849609375,1286,2025-02-26T02:50:13.586193,success,"size=1000, index=39"
receive_instant_message,565.0820732116699,1196,2025-02-26T02:50:13.586519,success,messageId=240
send_message,0.10895729064941406,1286,2025-02-26T02:50:13.586543,success,"size=1000, index=40"
send_message,0.1399517059326172,1286,2025-02-26T02:50:13.599406,success,"size=1000, index=41"
receive_instant_message,578.200101852417,1196,2025-02-26T02:50:13.599637,success,messageId=241
receive_instant_message,578.3131122589111,1196,2025-02-26T02:50:13.599750,success,messageId=242
send_message,0.14781951904296875,1286,2025-02-26T02:50:13.599763,success,"size=1000, index=42"
receive_instant_message,578.632116317749,1196,2025-02-26T02:50:13.600069,success,messageId=243
send_message,0.10704994201660156,1286,2025-02-26T02:50:13.600081,success,"size=1000, index=43"
receive_instant_message,578.9659023284912,1196,2025-02-26T02:50:13.600403,success,messageId=244
send_message,0.12803077697753906,1286,2025-02-26T02:50:13.600419,success,"size=1000, index=44"
receive_instant_message,579.3089866638184,1196,2025-02-26T02:50:13.600746,success,messageId=245
send_message,0.1308917999267578,1286,2025-02-26T02:50:13.600765,success,"size=1000, index=45"
send_message,0.09512901306152344,1286,2025-02-26T02:50:13.601085,success,"size=1000, index=46"
receive_instant_message,579.8921585083008,1196,2025-02-26T02:50:13.601330,success,messageId=246
receive_instant_message,579.9560546875,1196,2025-02-26T02:50:13.601393,success,messageId=247
send_message,0.11205673217773438,1286,2025-02-26T02:50:13.601412,success,"size=1000, index=47"
send_message,0.09894371032714844,1286,2025-02-26T02:50:13.601726,success,"size=1000, index=48"
receive_instant_message,580.5211067199707,1196,2025-02-26T02:50:13.601958,success,messageId=248
send_message,0.12803077697753906,1286,2025-02-26T02:50:13.602060,success,"size=1000, index=49"
receive_instant_message,580.8620452880859,1196,2025-02-26T02:50:13.602299,success,messageId=249
send_message,0.10800361633300781,1286,2025-02-26T02:50:13.602381,success,"size=1000, index=50"
receive_instant_message,580.9588432312012,1196,2025-02-26T02:50:13.602396,success,messageId=250
send_message,0.12421607971191406,1286,2025-02-26T02:50:13.615217,success,"size=1000, index=51"
receive_instant_message,594.0101146697998,1196,2025-02-26T02:50:13.615447,success,messageId=251
send_message,0.11229515075683594,1286,2025-02-26T02:50:13.615536,success,"size=1000, index=52"
receive_instant_message,594.3269729614258,1196,2025-02-26T02:50:13.615764,success,messageId=252
receive_instant_message,594.4118499755859,1196,2025-02-26T02:50:13.615849,success,messageId=253
send_message,0.11801719665527344,1286,2025-02-26T02:50:13.615859,success,"size=1000, index=53"
receive_instant_message,594.7229862213135,1196,2025-02-26T02:50:13.616159,success,messageId=254
send_message,0.10800361633300781,1286,2025-02-26T02:50:13.616174,success,"size=1000, index=54"
receive_instant_message,595.041036605835,1196,2025-02-26T02:50:13.616478,success,messageId=255
send_message,0.10800361633300781,1286,2025-02-26T02:50:13.616496,success,"size=1000, index=55"
receive_instant_message,595.35813331604,1196,2025-02-26T02:50:13.616795,success,messageId=256
send_message,0.10585784912109375,1286,2025-02-26T02:50:13.616815,success,"size=1000, index=56"
receive_instant_message,595.6919193267822,1196,2025-02-26T02:50:13.617129,success,messageId=257
send_message,0.10514259338378906,1286,2025-02-26T02:50:13.617146,success,"size=1000, index=57"
receive_instant_message,595.9999561309814,1196,2025-02-26T02:50:13.617437,success,messageId=258
send_message,0.11110305786132812,1286,2025-02-26T02:50:13.617466,success,"size=1000, index=58"
receive_instant_message,596.318244934082,1196,2025-02-26T02:50:13.617755,success,messageId=259
send_message,0.09894371032714844,1286,2025-02-26T02:50:13.617773,success,"size=1000, index=59"
receive_instant_message,596.6260433197021,1196,2025-02-26T02:50:13.618063,success,messageId=260
send_message,0.09870529174804688,1286,2025-02-26T02:50:13.618078,success,"size=1000, index=60"
receive_instant_message,609.4660758972168,1196,2025-02-26T02:50:13.630904,success,messageId=261
send_message,0.13494491577148438,1286,2025-02-26T02:50:13.630936,success,"size=1000, index=61"
receive_instant_message,609.9019050598145,1196,2025-02-26T02:50:13.631340,success,messageId=262
send_message,0.18095970153808594,1286,2025-02-26T02:50:13.631358,success,"size=1000, index=62"
receive_instant_message,610.2650165557861,1196,2025-02-26T02:50:13.631703,success,messageId=263
send_message,0.13208389282226562,1286,2025-02-26T02:50:13.631722,success,"size=1000, index=63"
send_message,0.11014938354492188,1286,2025-02-26T02:50:13.632070,success,"size=1000, index=64"
receive_instant_message,610.8920574188232,1196,2025-02-26T02:50:13.632329,success,messageId=264
receive_instant_message,611.0010147094727,1196,2025-02-26T02:50:13.632439,success,messageId=265
send_message,0.15091896057128906,1286,2025-02-26T02:50:13.632456,success,"size=1000, index=65"
receive_instant_message,611.3500595092773,1196,2025-02-26T02:50:13.632787,success,messageId=266
send_message,0.10967254638671875,1286,2025-02-26T02:50:13.632799,success,"size=1000, index=66"
receive_instant_message,611.67311668396,1196,2025-02-26T02:50:13.633110,success,messageId=267
send_message,0.11897087097167969,1286,2025-02-26T02:50:13.633127,success,"size=1000, index=67"
send_message,0.08797645568847656,1286,2025-02-26T02:50:13.633428,success,"size=1000, index=68"
receive_instant_message,612.2238636016846,1196,2025-02-26T02:50:13.633661,success,messageId=268
receive_instant_message,612.2980117797852,1196,2025-02-26T02:50:13.633735,success,messageId=269
send_message,0.11014938354492188,1286,2025-02-26T02:50:13.633745,success,"size=1000, index=69"
send_message,0.09107589721679688,1286,2025-02-26T02:50:13.634042,success,"size=1000, index=70"
receive_instant_message,612.6220226287842,1196,2025-02-26T02:50:13.634059,success,messageId=270
send_message,0.12803077697753906,1286,2025-02-26T02:50:13.646895,success,"size=1000, index=71"
receive_instant_message,625.694990158081,1196,2025-02-26T02:50:13.647132,success,messageId=271
receive_instant_message,625.7851123809814,1196,2025-02-26T02:50:13.647222,success,messageId=272
send_message,0.1468658447265625,1286,2025-02-26T02:50:13.647251,success,"size=1000, index=72"
receive_instant_message,626.1081695556641,1196,2025-02-26T02:50:13.647545,success,messageId=273
send_message,0.09799003601074219,1286,2025-02-26T02:50:13.647561,success,"size=1000, index=73"
send_message,0.08869171142578125,1286,2025-02-26T02:50:13.647863,success,"size=1000, index=74"
receive_instant_message,626.654863357544,1196,2025-02-26T02:50:13.648092,success,messageId=274
receive_instant_message,626.7459392547607,1196,2025-02-26T02:50:13.648183,success,messageId=275
send_message,0.1239776611328125,1286,2025-02-26T02:50:13.648194,success,"size=1000, index=75"
send_message,0.09703636169433594,1286,2025-02-26T02:50:13.648499,success,"size=1000, index=76"
receive_instant_message,627.310037612915,1196,2025-02-26T02:50:13.648749,success,messageId=276
send_message,0.1480579376220703,1286,2025-02-26T02:50:13.648863,success,"size=1000, index=77"
receive_instant_message,627.6729106903076,1196,2025-02-26T02:50:13.649110,success,messageId=277
send_message,0.11396408081054688,1286,2025-02-26T02:50:13.649192,success,"size=1000, index=78"
receive_instant_message,628.0090808868408,1196,2025-02-26T02:50:13.649447,success,messageId=278
send_message,0.11324882507324219,1286,2025-02-26T02:50:13.649521,success,"size=1000, index=79"
receive_instant_message,628.3402442932129,1196,2025-02-26T02:50:13.649777,success,messageId=279
send_message,0.09799003601074219,1286,2025-02-26T02:50:13.649847,success,"size=1000, index=80"
receive_instant_message,628.4210681915283,1196,2025-02-26T02:50:13.649857,success,messageId=280
receive_instant_message,641.273021697998,1196,2025-02-26T02:50:13.662710,success,messageId=281
send_message,0.15306472778320312,1286,2025-02-26T02:50:13.662728,success,"size=1000, index=81"
send_message,0.11229515075683594,1286,2025-02-26T02:50:13.663047,success,"size=1000, index=82"
receive_instant_message,641.8399810791016,1196,2025-02-26T02:50:13.663277,success,messageId=282
send_message,0.11324882507324219,1286,2025-02-26T02:50:13.663368,success,"size=1000, index=83"
receive_instant_message,642.164945602417,1196,2025-02-26T02:50:13.663603,success,messageId=283
receive_instant_message,642.2700881958008,1196,2025-02-26T02:50:13.663707,success,messageId=284
send_message,0.14495849609375,1286,2025-02-26T02:50:13.663721,success,"size=1000, index=84"
receive_instant_message,642.611026763916,1196,2025-02-26T02:50:13.664047,success,messageId=285
send_message,0.1289844512939453,1286,2025-02-26T02:50:13.664060,success,"size=1000, index=85"
receive_instant_message,642.9159641265869,1196,2025-02-26T02:50:13.664353,success,messageId=286
send_message,0.10919570922851562,1286,2025-02-26T02:50:13.664377,success,"size=1000, index=86"
receive_instant_message,643.2418823242188,1196,2025-02-26T02:50:13.664678,success,messageId=287
send_message,0.09918212890625,1286,2025-02-26T02:50:13.664694,success,"size=1000, index=87"
send_message,0.09918212890625,1286,2025-02-26T02:50:13.665000,success,"size=1000, index=88"
receive_instant_message,643.8019275665283,1196,2025-02-26T02:50:13.665239,success,messageId=288
send_message,0.09608268737792969,1286,2025-02-26T02:50:13.665311,success,"size=1000, index=89"
receive_instant_message,644.1020965576172,1196,2025-02-26T02:50:13.665539,success,messageId=289
receive_instant_message,644.1771984100342,1196,2025-02-26T02:50:13.665613,success,messageId=290
send_message,0.10800361633300781,1286,2025-02-26T02:50:13.665625,success,"size=1000, index=90"
receive_instant_message,657.0658683776855,1196,2025-02-26T02:50:13.678503,success,messageId=291
send_message,0.1590251922607422,1286,2025-02-26T02:50:13.678537,success,"size=1000, index=91"
receive_instant_message,657.4370861053467,1196,2025-02-26T02:50:13.678874,success,messageId=292
send_message,0.13494491577148438,1286,2025-02-26T02:50:13.678920,success,"size=1000, index=92"
receive_instant_message,657.8330993652344,1196,2025-02-26T02:50:13.679270,success,messageId=293
send_message,0.1270771026611328,1286,2025-02-26T02:50:13.679288,success,"size=1000, index=93"
receive_instant_message,658.1511497497559,1196,2025-02-26T02:50:13.679588,success,messageId=294
send_message,0.10585784912109375,1286,2025-02-26T02:50:13.679609,success,"size=1000, index=94"
send_message,0.08487701416015625,1286,2025-02-26T02:50:13.679900,success,"size=1000, index=95"
receive_instant_message,658.6949825286865,1196,2025-02-26T02:50:13.680132,success,messageId=295
send_message,0.09393692016601562,1286,2025-02-26T02:50:13.680202,success,"size=1000, index=96"
receive_instant_message,659.0011119842529,1196,2025-02-26T02:50:13.680438,success,messageId=296
receive_instant_message,659.0800285339355,1196,2025-02-26T02:50:13.680517,success,messageId=297
send_message,0.11992454528808594,1286,2025-02-26T02:50:13.680529,success,"size=1000, index=97"
receive_instant_message,659.3959331512451,1196,2025-02-26T02:50:13.680833,success,messageId=298
send_message,0.10776519775390625,1286,2025-02-26T02:50:13.680851,success,"size=1000, index=98"
receive_instant_message,659.7020626068115,1196,2025-02-26T02:50:13.681139,success,messageId=299
send_message,0.11396408081054688,1286,2025-02-26T02:50:13.681173,success,"size=1000, index=99"
receive_instant_message,507.10415840148926,10196,2025-02-26T02:50:14.188359,success,messageId=300
send_message,0.3619194030761719,10286,2025-02-26T02:50:14.188385,success,"size=10000, index=0"
receive_instant_message,520.5099582672119,10196,2025-02-26T02:50:14.201765,success,messageId=301
send_message,0.3027915954589844,10286,2025-02-26T02:50:14.201786,success,"size=10000, index=1"
receive_instant_message,522.7899551391602,10196,2025-02-26T02:50:14.204044,success,messageId=302
send_message,0.2410411834716797,10286,2025-02-26T02:50:14.204065,success,"size=10000, index=2"
receive_instant_message,525.0351428985596,10196,2025-02-26T02:50:14.206288,success,messageId=303
send_message,0.21195411682128906,10286,2025-02-26T02:50:14.206304,success,"size=10000, index=3"
send_message,0.19884109497070312,10286,2025-02-26T02:50:14.208549,success,"size=10000, index=4"
receive_instant_message,529.5848846435547,10196,2025-02-26T02:50:14.210840,success,messageId=304
send_message,0.2720355987548828,10286,2025-02-26T02:50:14.210997,success,"size=10000, index=5"
receive_instant_message,531.9540500640869,10196,2025-02-26T02:50:14.213207,success,messageId=305
receive_instant_message,532.0758819580078,10196,2025-02-26T02:50:14.213329,success,messageId=306
send_message,0.23698806762695312,10286,2025-02-26T02:50:14.213356,success,"size=10000, index=6"
receive_instant_message,534.3329906463623,10196,2025-02-26T02:50:14.215586,success,messageId=307
send_message,0.22125244140625,10286,2025-02-26T02:50:14.215602,success,"size=10000, index=7"
receive_instant_message,536.6559028625488,10196,2025-02-26T02:50:14.217910,success,messageId=308
send_message,0.2732276916503906,10286,2025-02-26T02:50:14.217929,success,"size=10000, index=8"
receive_instant_message,538.945198059082,10196,2025-02-26T02:50:14.220198,success,messageId=309
send_message,0.23126602172851562,10286,2025-02-26T02:50:14.220220,success,"size=10000, index=9"
receive_instant_message,541.2130355834961,10196,2025-02-26T02:50:14.222467,success,messageId=310
send_message,0.25081634521484375,10286,2025-02-26T02:50:14.222487,success,"size=10000, index=10"
receive_instant_message,556.0610294342041,10196,2025-02-26T02:50:14.237315,success,messageId=311
send_message,0.293731689453125,10286,2025-02-26T02:50:14.237332,success,"size=10000, index=11"
receive_instant_message,558.3100318908691,10196,2025-02-26T02:50:14.239563,success,messageId=312
send_message,0.22482872009277344,10286,2025-02-26T02:50:14.239581,success,"size=10000, index=12"
receive_instant_message,560.5349540710449,10196,2025-02-26T02:50:14.241789,success,messageId=313
send_message,0.21719932556152344,10286,2025-02-26T02:50:14.241808,success,"size=10000, index=13"
receive_instant_message,563.1020069122314,10196,2025-02-26T02:50:14.244356,success,messageId=314
send_message,0.247955322265625,10286,2025-02-26T02:50:14.244380,success,"size=10000, index=14"
receive_instant_message,565.4170513153076,10196,2025-02-26T02:50:14.246669,success,messageId=315
send_message,0.22292137145996094,10286,2025-02-26T02:50:14.246685,success,"size=10000, index=15"
send_message,0.23603439331054688,10286,2025-02-26T02:50:14.248961,success,"size=10000, index=16"
receive_instant_message,569.9138641357422,10196,2025-02-26T02:50:14.251168,success,messageId=316
receive_instant_message,570.0759887695312,10196,2025-02-26T02:50:14.251329,success,messageId=317
send_message,0.2658367156982422,10286,2025-02-26T02:50:14.251346,success,"size=10000, index=17"
send_message,0.2200603485107422,10286,2025-02-26T02:50:14.253594,success,"size=10000, index=18"
receive_instant_message,574.6300220489502,10196,2025-02-26T02:50:14.255884,success,messageId=318
receive_instant_message,574.7900009155273,10196,2025-02-26T02:50:14.256043,success,messageId=319
send_message,0.2617835998535156,10286,2025-02-26T02:50:14.256060,success,"size=10000, index=19"
send_message,0.209808349609375,10286,2025-02-26T02:50:14.258367,success,"size=10000, index=20"
receive_instant_message,577.1470069885254,10196,2025-02-26T02:50:14.258399,success,messageId=320
send_message,0.2460479736328125,10286,2025-02-26T02:50:14.273149,success,"size=10000, index=21"
receive_instant_message,594.0277576446533,10196,2025-02-26T02:50:14.275282,success,messageId=321
send_message,0.22792816162109375,10286,2025-02-26T02:50:14.275438,success,"size=10000, index=22"
receive_instant_message,596.6010093688965,10196,2025-02-26T02:50:14.277855,success,messageId=322
send_message,0.26988983154296875,10286,2025-02-26T02:50:14.278039,success,"size=10000, index=23"
receive_instant_message,599.0109443664551,10196,2025-02-26T02:50:14.280265,success,messageId=323
receive_instant_message,599.1828441619873,10196,2025-02-26T02:50:14.280437,success,messageId=324
send_message,0.26702880859375,10286,2025-02-26T02:50:14.280452,success,"size=10000, index=24"
receive_instant_message,601.4270782470703,10196,2025-02-26T02:50:14.282680,success,messageId=325
send_message,0.2410411834716797,10286,2025-02-26T02:50:14.282695,success,"size=10000, index=25"
receive_instant_message,603.7280559539795,10196,2025-02-26T02:50:14.284982,success,messageId=326
send_message,0.24199485778808594,10286,2025-02-26T02:50:14.284996,success,"size=10000, index=26"
send_message,0.23484230041503906,10286,2025-02-26T02:50:14.287303,success,"size=10000, index=27"
receive_instant_message,608.2708835601807,10196,2025-02-26T02:50:14.289524,success,messageId=327
receive_instant_message,608.4067821502686,10196,2025-02-26T02:50:14.289660,success,messageId=328
send_message,0.2300739288330078,10286,2025-02-26T02:50:14.289673,success,"size=10000, index=28"
send_message,0.22101402282714844,10286,2025-02-26T02:50:14.292358,success,"size=10000, index=29"
receive_instant_message,613.2750511169434,10196,2025-02-26T02:50:14.294528,success,messageId=329
send_message,0.21982192993164062,10286,2025-02-26T02:50:14.294668,success,"size=10000, index=30"
receive_instant_message,613.4381294250488,10196,2025-02-26T02:50:14.294691,success,messageId=330
send_message,0.23794174194335938,10286,2025-02-26T02:50:14.309512,success,"size=10000, index=31"
receive_instant_message,630.4421424865723,10196,2025-02-26T02:50:14.311697,success,messageId=331
receive_instant_message,630.6149959564209,10196,2025-02-26T02:50:14.311869,success,messageId=332
send_message,0.28395652770996094,10286,2025-02-26T02:50:14.311890,success,"size=10000, index=32"
receive_instant_message,632.8999996185303,10196,2025-02-26T02:50:14.314154,success,messageId=333
send_message,0.2276897430419922,10286,2025-02-26T02:50:14.314175,success,"size=10000, index=33"
receive_instant_message,635.2570056915283,10196,2025-02-26T02:50:14.316510,success,messageId=334
send_message,0.2779960632324219,10286,2025-02-26T02:50:14.316528,success,"size=10000, index=34"
receive_instant_message,637.6080513000488,10196,2025-02-26T02:50:14.318861,success,messageId=335
send_message,0.2880096435546875,10286,2025-02-26T02:50:14.318880,success,"size=10000, index=35"
send_message,0.22339820861816406,10286,2025-02-26T02:50:14.321309,success,"size=10000, index=36"
receive_instant_message,642.2059535980225,10196,2025-02-26T02:50:14.323460,success,messageId=336
receive_instant_message,642.3478126525879,10196,2025-02-26T02:50:14.323601,success,messageId=337
send_message,0.25200843811035156,10286,2025-02-26T02:50:14.323614,success,"size=10000, index=37"
send_message,0.22912025451660156,10286,2025-02-26T02:50:14.325907,success,"size=10000, index=38"
receive_instant_message,646.7740535736084,10196,2025-02-26T02:50:14.328027,success,messageId=338
send_message,0.21028518676757812,10286,2025-02-26T02:50:14.328146,success,"size=10000, index=39"
receive_instant_message,649.0139961242676,10196,2025-02-26T02:50:14.330267,success,messageId=339
receive_instant_message,649.163007736206,10196,2025-02-26T02:50:14.330416,success,messageId=340
send_message,0.24509429931640625,10286,2025-02-26T02:50:14.330430,success,"size=10000, index=40"
send_message,0.2899169921875,10286,2025-02-26T02:50:14.345348,success,"size=10000, index=41"
receive_instant_message,666.2161350250244,10196,2025-02-26T02:50:14.347470,success,messageId=341
send_message,0.19931793212890625,10286,2025-02-26T02:50:14.347590,success,"size=10000, index=42"
receive_instant_message,668.4839725494385,10196,2025-02-26T02:50:14.349738,success,messageId=342
receive_instant_message,668.5998439788818,10196,2025-02-26T02:50:14.349854,success,messageId=343
send_message,0.23794174194335938,10286,2025-02-26T02:50:14.349891,success,"size=10000, index=43"
send_message,0.23603439331054688,10286,2025-02-26T02:50:14.352204,success,"size=10000, index=44"
receive_instant_message,673.0849742889404,10196,2025-02-26T02:50:14.354339,success,messageId=344
receive_instant_message,673.2499599456787,10196,2025-02-26T02:50:14.354503,success,messageId=345
send_message,0.26679039001464844,10286,2025-02-26T02:50:14.354519,success,"size=10000, index=45"
send_message,0.21195411682128906,10286,2025-02-26T02:50:14.356817,success,"size=10000, index=46"
receive_instant_message,677.6559352874756,10196,2025-02-26T02:50:14.358910,success,messageId=346
send_message,0.2129077911376953,10286,2025-02-26T02:50:14.359044,success,"size=10000, index=47"
receive_instant_message,679.9051761627197,10196,2025-02-26T02:50:14.361158,success,messageId=347
send_message,0.2129077911376953,10286,2025-02-26T02:50:14.361287,success,"size=10000, index=48"
receive_instant_message,682.1908950805664,10196,2025-02-26T02:50:14.363444,success,messageId=348
send_message,0.21719932556152344,10286,2025-02-26T02:50:14.363582,success,"size=10000, index=49"
receive_instant_message,684.4840049743652,10196,2025-02-26T02:50:14.365738,success,messageId=349
send_message,0.1971721649169922,10286,2025-02-26T02:50:14.365851,success,"size=10000, index=50"
receive_instant_message,684.6239566802979,10196,2025-02-26T02:50:14.365877,success,messageId=350
receive_instant_message,699.5339393615723,10196,2025-02-26T02:50:14.380788,success,messageId=351
send_message,0.3159046173095703,10286,2025-02-26T02:50:14.380804,success,"size=10000, index=51"
receive_instant_message,701.8101215362549,10196,2025-02-26T02:50:14.383064,success,messageId=352
send_message,0.24819374084472656,10286,2025-02-26T02:50:14.383082,success,"size=10000, index=52"
send_message,0.20384788513183594,10286,2025-02-26T02:50:14.385330,success,"size=10000, index=53"
receive_instant_message,706.2649726867676,10196,2025-02-26T02:50:14.387520,success,messageId=353
receive_instant_message,706.4111232757568,10196,2025-02-26T02:50:14.387665,success,messageId=354
send_message,0.2551078796386719,10286,2025-02-26T02:50:14.387684,success,"size=10000, index=54"
receive_instant_message,708.7240219116211,10196,2025-02-26T02:50:14.389978,success,messageId=355
send_message,0.2300739288330078,10286,2025-02-26T02:50:14.389993,success,"size=10000, index=55"
send_message,0.18906593322753906,10286,2025-02-26T02:50:14.392207,success,"size=10000, index=56"
receive_instant_message,713.0608558654785,10196,2025-02-26T02:50:14.394314,success,messageId=356
send_message,0.2200603485107422,10286,2025-02-26T02:50:14.394448,success,"size=10000, index=57"
receive_instant_message,715.3110504150391,10196,2025-02-26T02:50:14.396564,success,messageId=357
receive_instant_message,715.4419422149658,10196,2025-02-26T02:50:14.396695,success,messageId=358
send_message,0.25010108947753906,10286,2025-02-26T02:50:14.396733,success,"size=10000, index=58"
receive_instant_message,717.7019119262695,10196,2025-02-26T02:50:14.398955,success,messageId=359
send_message,0.21409988403320312,10286,2025-02-26T02:50:14.398965,success,"size=10000, index=59"
receive_instant_message,720.0348377227783,10196,2025-02-26T02:50:14.401288,success,messageId=360
send_message,0.2570152282714844,10286,2025-02-26T02:50:14.401306,success,"size=10000, index=60"
send_message,0.23508071899414062,10286,2025-02-26T02:50:14.416061,success,"size=10000, index=61"
receive_instant_message,736.9518280029297,10196,2025-02-26T02:50:14.418206,success,messageId=361
receive_instant_message,737.1401786804199,10196,2025-02-26T02:50:14.418393,success,messageId=362
send_message,0.2880096435546875,10286,2025-02-26T02:50:14.418414,success,"size=10000, index=62"
receive_instant_message,739.4518852233887,10196,2025-02-26T02:50:14.420706,success,messageId=363
send_message,0.31685829162597656,10286,2025-02-26T02:50:14.420793,success,"size=10000, index=63"
send_message,0.209808349609375,10286,2025-02-26T02:50:14.423049,success,"size=10000, index=64"
receive_instant_message,743.8960075378418,10196,2025-02-26T02:50:14.425149,success,messageId=364
receive_instant_message,744.0190315246582,10196,2025-02-26T02:50:14.425273,success,messageId=365
send_message,0.22912025451660156,10286,2025-02-26T02:50:14.425286,success,"size=10000, index=65"
send_message,0.1761913299560547,10286,2025-02-26T02:50:14.427485,success,"size=10000, index=66"
receive_instant_message,748.3420372009277,10196,2025-02-26T02:50:14.429595,success,messageId=366
receive_instant_message,748.4769821166992,10196,2025-02-26T02:50:14.429731,success,messageId=367
send_message,0.25177001953125,10286,2025-02-26T02:50:14.429763,success,"size=10000, index=67"
receive_instant_message,750.7960796356201,10196,2025-02-26T02:50:14.432049,success,messageId=368
send_message,0.2281665802001953,10286,2025-02-26T02:50:14.432070,success,"size=10000, index=68"
send_message,0.186920166015625,10286,2025-02-26T02:50:14.434261,success,"size=10000, index=69"
receive_instant_message,755.1681995391846,10196,2025-02-26T02:50:14.436421,success,messageId=369
send_message,0.22983551025390625,10286,2025-02-26T02:50:14.436555,success,"size=10000, index=70"
receive_instant_message,755.3250789642334,10196,2025-02-26T02:50:14.436578,success,messageId=370
receive_instant_message,770.0891494750977,10196,2025-02-26T02:50:14.451342,success,messageId=371
send_message,0.27489662170410156,10286,2025-02-26T02:50:14.451357,success,"size=10000, index=71"
receive_instant_message,772.4769115447998,10196,2025-02-26T02:50:14.453731,success,messageId=372
send_message,0.27823448181152344,10286,2025-02-26T02:50:14.453749,success,"size=10000, index=72"
send_message,0.2338886260986328,10286,2025-02-26T02:50:14.456084,success,"size=10000, index=73"
receive_instant_message,776.961088180542,10196,2025-02-26T02:50:14.458215,success,messageId=373
receive_instant_message,777.0910263061523,10196,2025-02-26T02:50:14.458345,success,messageId=374
send_message,0.22792816162109375,10286,2025-02-26T02:50:14.458358,success,"size=10000, index=74"
send_message,0.19621849060058594,10286,2025-02-26T02:50:14.460570,success,"size=10000, index=75"
receive_instant_message,781.4271450042725,10196,2025-02-26T02:50:14.462680,success,messageId=375
send_message,0.21386146545410156,10286,2025-02-26T02:50:14.462811,success,"size=10000, index=76"
receive_instant_message,783.668041229248,10196,2025-02-26T02:50:14.464921,success,messageId=376
receive_instant_message,783.8099002838135,10196,2025-02-26T02:50:14.465063,success,messageId=377
send_message,0.23174285888671875,10286,2025-02-26T02:50:14.465078,success,"size=10000, index=77"
receive_instant_message,786.1268520355225,10196,2025-02-26T02:50:14.467381,success,messageId=378
send_message,0.3020763397216797,10286,2025-02-26T02:50:14.467398,success,"size=10000, index=78"
send_message,0.27298927307128906,10286,2025-02-26T02:50:14.469762,success,"size=10000, index=79"
receive_instant_message,790.600061416626,10196,2025-02-26T02:50:14.471854,success,messageId=379
receive_instant_message,790.7509803771973,10196,2025-02-26T02:50:14.472004,success,messageId=380
send_message,0.25081634521484375,10286,2025-02-26T02:50:14.472023,success,"size=10000, index=80"
send_message,0.21409988403320312,10286,2025-02-26T02:50:14.486802,success,"size=10000, index=81"
receive_instant_message,807.7268600463867,10196,2025-02-26T02:50:14.488981,success,messageId=381
send_message,0.2129077911376953,10286,2025-02-26T02:50:14.489107,success,"size=10000, index=82"
receive_instant_message,810.0371360778809,10196,2025-02-26T02:50:14.491290,success,messageId=382
send_message,0.225067138671875,10286,2025-02-26T02:50:14.491437,success,"size=10000, index=83"
receive_instant_message,812.3669624328613,10196,2025-02-26T02:50:14.493622,success,messageId=383
send_message,0.2181529998779297,10286,2025-02-26T02:50:14.493754,success,"size=10000, index=84"
receive_instant_message,814.5899772644043,10196,2025-02-26T02:50:14.495843,success,messageId=384
send_message,0.19502639770507812,10286,2025-02-26T02:50:14.495965,success,"size=10000, index=85"
receive_instant_message,816.8039321899414,10196,2025-02-26T02:50:14.498057,success,messageId=385
receive_instant_message,816.9369697570801,10196,2025-02-26T02:50:14.498190,success,messageId=386
send_message,0.225067138671875,10286,2025-02-26T02:50:14.498201,success,"size=10000, index=86"
receive_instant_message,819.3070888519287,10196,2025-02-26T02:50:14.500560,success,messageId=387
send_message,0.3039836883544922,10286,2025-02-26T02:50:14.500576,success,"size=10000, index=87"
send_message,0.21505355834960938,10286,2025-02-26T02:50:14.502830,success,"size=10000, index=88"
receive_instant_message,823.7090110778809,10196,2025-02-26T02:50:14.504962,success,messageId=388
receive_instant_message,823.8539695739746,10196,2025-02-26T02:50:14.505107,success,messageId=389
send_message,0.2429485321044922,10286,2025-02-26T02:50:14.505124,success,"size=10000, index=89"
send_message,0.19979476928710938,10286,2025-02-26T02:50:14.507344,success,"size=10000, index=90"
receive_instant_message,826.120138168335,10196,2025-02-26T02:50:14.507372,success,messageId=390
send_message,0.21505355834960938,10286,2025-02-26T02:50:14.519834,success,"size=10000, index=91"
receive_instant_message,840.7261371612549,10196,2025-02-26T02:50:14.521980,success,messageId=391
receive_instant_message,840.8629894256592,10196,2025-02-26T02:50:14.522116,success,messageId=392
send_message,0.2422332763671875,10286,2025-02-26T02:50:14.522131,success,"size=10000, index=92"
send_message,0.2071857452392578,10286,2025-02-26T02:50:14.524356,success,"size=10000, index=93"
receive_instant_message,845.2198505401611,10196,2025-02-26T02:50:14.526473,success,messageId=393
receive_instant_message,845.3660011291504,10196,2025-02-26T02:50:14.526619,success,messageId=394
send_message,0.2460479736328125,10286,2025-02-26T02:50:14.526639,success,"size=10000, index=94"
send_message,0.1990795135498047,10286,2025-02-26T02:50:14.528859,success,"size=10000, index=95"
receive_instant_message,849.6878147125244,10196,2025-02-26T02:50:14.530941,success,messageId=395
receive_instant_message,849.8709201812744,10196,2025-02-26T02:50:14.531124,success,messageId=396
send_message,0.28228759765625,10286,2025-02-26T02:50:14.531141,success,"size=10000, index=96"
send_message,0.20384788513183594,10286,2025-02-26T02:50:14.533396,success,"size=10000, index=97"
receive_instant_message,854.28786277771,10196,2025-02-26T02:50:14.535541,success,messageId=397
send_message,0.2307891845703125,10286,2025-02-26T02:50:14.535696,success,"size=10000, index=98"
receive_instant_message,856.5971851348877,10196,2025-02-26T02:50:14.537850,success,messageId=398
send_message,0.20194053649902344,10286,2025-02-26T02:50:14.537967,success,"size=10000, index=99"
receive_instant_message,856.7471504211426,10196,2025-02-26T02:50:14.538000,success,messageId=399
logout,0.09679794311523438,182,2025-02-26T02:50:14.538143,success,test_user_3_1740556211
send_offline_message,0.08916854858398438,386,2025-02-26T02:50:14.538278,success,index=0
send_offline_message,0.08177757263183594,386,2025-02-26T02:50:14.538391,success,index=1
send_offline_message,0.07772445678710938,386,2025-02-26T02:50:14.538495,success,index=2
send_offline_message,0.07295608520507812,386,2025-02-26T02:50:14.538595,success,index=3
send_offline_message,0.09107589721679688,386,2025-02-26T02:50:14.538714,success,index=4
send_offline_message,0.09107589721679688,386,2025-02-26T02:50:14.538833,success,index=5
send_offline_message,0.08130073547363281,386,2025-02-26T02:50:14.538949,success,index=6
send_offline_message,0.0782012939453125,386,2025-02-26T02:50:14.539053,success,index=7
send_offline_message,0.07796287536621094,386,2025-02-26T02:50:14.539158,success,index=8
send_offline_message,0.08392333984375,386,2025-02-26T02:50:14.539270,success,index=9
send_offline_message,0.0782012939453125,386,2025-02-26T02:50:14.539377,success,index=10
send_offline_message,0.07700920104980469,386,2025-02-26T02:50:14.539481,success,index=11
send_offline_message,0.09799003601074219,386,2025-02-26T02:50:14.539606,success,index=12
send_offline_message,0.08821487426757812,386,2025-02-26T02:50:14.539721,success,index=13
send_offline_message,0.07796287536621094,386,2025-02-26T02:50:14.539828,success,index=14
send_offline_message,0.06985664367675781,386,2025-02-26T02:50:14.539925,success,index=15
send_offline_message,0.07891654968261719,386,2025-02-26T02:50:14.540033,success,index=16
send_offline_message,0.06771087646484375,386,2025-02-26T02:50:14.540128,success,index=17
send_offline_message,0.06461143493652344,386,2025-02-26T02:50:14.540223,success,index=18
send_offline_message,0.07390975952148438,386,2025-02-26T02:50:14.540325,success,index=19
send_offline_message,0.06389617919921875,386,2025-02-26T02:50:14.540417,success,index=20
send_offline_message,0.06699562072753906,386,2025-02-26T02:50:14.540513,success,index=21
send_offline_message,0.06985664367675781,386,2025-02-26T02:50:14.540612,success,index=22
send_offline_message,0.07009506225585938,386,2025-02-26T02:50:14.540710,success,index=23
send_offline_message,0.07200241088867188,386,2025-02-26T02:50:14.540812,success,index=24
send_offline_message,0.06890296936035156,386,2025-02-26T02:50:14.540911,success,index=25
send_offline_message,0.06389617919921875,386,2025-02-26T02:50:14.541003,success,index=26
send_offline_message,0.06866455078125,386,2025-02-26T02:50:14.541101,success,index=27
send_offline_message,0.06818771362304688,386,2025-02-26T02:50:14.541197,success,index=28
send_offline_message,0.06413459777832031,386,2025-02-26T02:50:14.541289,success,index=29
send_offline_message,0.07200241088867188,386,2025-02-26T02:50:14.541390,success,index=30
send_offline_message,0.06914138793945312,386,2025-02-26T02:50:14.541487,success,index=31
send_offline_message,0.07605552673339844,386,2025-02-26T02:50:14.541591,success,index=32
send_offline_message,0.07009506225585938,386,2025-02-26T02:50:14.541688,success,index=33
send_offline_message,0.06389617919921875,386,2025-02-26T02:50:14.541780,success,index=34
send_offline_message,0.06413459777832031,386,2025-02-26T02:50:14.541873,success,index=35
send_offline_message,0.06818771362304688,386,2025-02-26T02:50:14.541970,success,index=36
send_offline_message,0.07081031799316406,386,2025-02-26T02:50:14.542069,success,index=37
send_offline_message,0.07176399230957031,386,2025-02-26T02:50:14.542171,success,index=38
send_offline_message,0.11014938354492188,386,2025-02-26T02:50:14.542321,success,index=39
send_offline_message,0.11205673217773438,386,2025-02-26T02:50:14.542472,success,index=40
send_offline_message,0.10323524475097656,386,2025-02-26T02:50:14.542621,success,index=41
send_offline_message,0.09393692016601562,386,2025-02-26T02:50:14.542755,success,index=42
send_offline_message,0.10275840759277344,386,2025-02-26T02:50:14.542984,success,index=43
send_offline_message,0.08869171142578125,386,2025-02-26T02:50:14.543115,success,index=44
send_offline_message,0.08082389831542969,386,2025-02-26T02:50:14.543245,success,index=45
send_offline_message,0.07390975952148438,386,2025-02-26T02:50:14.543372,success,index=46
send_offline_message,0.07796287536621094,386,2025-02-26T02:50:14.543496,success,index=47
send_offline_message,0.08487701416015625,386,2025-02-26T02:50:14.543628,success,index=48
send_offline_message,0.08296966552734375,386,2025-02-26T02:50:14.543759,success,index=49
send_offline_message,0.10514259338378906,386,2025-02-26T02:50:14.543913,success,index=50
send_offline_message,0.1239776611328125,386,2025-02-26T02:50:14.544073,success,index=51
send_offline_message,0.10609626770019531,386,2025-02-26T02:50:14.544220,success,index=52
send_offline_message,0.11491775512695312,386,2025-02-26T02:50:14.544373,success,index=53
send_offline_message,0.11396408081054688,386,2025-02-26T02:50:14.544527,success,index=54
send_offline_message,0.102996826171875,386,2025-02-26T02:50:14.544675,success,index=55
send_offline_message,0.09918212890625,386,2025-02-26T02:50:14.544817,success,index=56
send_offline_message,0.11110305786132812,386,2025-02-26T02:50:14.544966,success,index=57
send_offline_message,0.09417533874511719,386,2025-02-26T02:50:14.545105,success,index=58
send_offline_message,0.11301040649414062,386,2025-02-26T02:50:14.545257,success,index=59
send_offline_message,0.11372566223144531,386,2025-02-26T02:50:14.545410,success,index=60
send_offline_message,0.11205673217773438,386,2025-02-26T02:50:14.545561,success,index=61
send_offline_message,0.11420249938964844,386,2025-02-26T02:50:14.545713,success,index=62
send_offline_message,0.11301040649414062,386,2025-02-26T02:50:14.545865,success,index=63
send_offline_message,0.11396408081054688,386,2025-02-26T02:50:14.546015,success,index=64
send_offline_message,0.11706352233886719,386,2025-02-26T02:50:14.546168,success,index=65
send_offline_message,0.11420249938964844,386,2025-02-26T02:50:14.546321,success,index=66
send_offline_message,0.11420249938964844,386,2025-02-26T02:50:14.546472,success,index=67
send_offline_message,0.11396408081054688,386,2025-02-26T02:50:14.546626,success,index=68
send_offline_message,0.11920928955078125,386,2025-02-26T02:50:14.546786,success,index=69
send_offline_message,0.09703636169433594,386,2025-02-26T02:50:14.546927,success,index=70
send_offline_message,0.11014938354492188,386,2025-02-26T02:50:14.547079,success,index=71
send_offline_message,0.11706352233886719,386,2025-02-26T02:50:14.547236,success,index=72
send_offline_message,0.09608268737792969,386,2025-02-26T02:50:14.547376,success,index=73
send_offline_message,0.07510185241699219,386,2025-02-26T02:50:14.547479,success,index=74
send_offline_message,0.07510185241699219,386,2025-02-26T02:50:14.547584,success,index=75
send_offline_message,0.07796287536621094,386,2025-02-26T02:50:14.547691,success,index=76
send_offline_message,0.1049041748046875,386,2025-02-26T02:50:14.547823,success,index=77
send_offline_message,0.06413459777832031,386,2025-02-26T02:50:14.547913,success,index=78
send_offline_message,0.05984306335449219,386,2025-02-26T02:50:14.547998,success,index=79
send_offline_message,0.08893013000488281,386,2025-02-26T02:50:14.548113,success,index=80
send_offline_message,0.06008148193359375,386,2025-02-26T02:50:14.548201,success,index=81
send_offline_message,0.06508827209472656,386,2025-02-26T02:50:14.548291,success,index=82
send_offline_message,0.0629425048828125,386,2025-02-26T02:50:14.548380,success,index=83
send_offline_message,0.064849853515625,386,2025-02-26T02:50:14.548475,success,index=84
send_offline_message,0.06198883056640625,386,2025-02-26T02:50:14.548565,success,index=85
send_offline_message,0.07081031799316406,386,2025-02-26T02:50:14.548665,success,index=86
send_offline_message,0.09417533874511719,386,2025-02-26T02:50:14.548785,success,index=87
send_offline_message,0.06389617919921875,386,2025-02-26T02:50:14.548876,success,index=88
send_offline_message,0.07867813110351562,386,2025-02-26T02:50:14.548980,success,index=89
send_offline_message,0.14209747314453125,386,2025-02-26T02:50:14.549148,success,index=90
send_offline_message,0.13017654418945312,386,2025-02-26T02:50:14.549306,success,index=91
send_offline_message,0.07486343383789062,386,2025-02-26T02:50:14.549408,success,index=92
send_offline_message,0.10085105895996094,386,2025-02-26T02:50:14.549535,success,index=93
send_offline_message,0.07700920104980469,386,2025-02-26T02:50:14.549640,success,index=94
send_offline_message,0.06914138793945312,386,2025-02-26T02:50:14.549735,success,index=95
send_offline_message,0.057220458984375,386,2025-02-26T02:50:14.549820,success,index=96
send_offline_message,0.07510185241699219,386,2025-02-26T02:50:14.549923,success,index=97
send_offline_message,0.09608268737792969,386,2025-02-26T02:50:14.550045,success,index=98
send_offline_message,0.06103515625,386,2025-02-26T02:50:14.550131,success,index=99
login,0.2491474151611328,211,2025-02-26T02:50:14.550386,success,test_user_3_1740556211
read_messages,0.28705596923828125,23595,2025-02-26T02:50:14.550768,success,messages_read=100
